pile_length,Dia=0.6,Dia=0.8,Dia=1.0,Dia=1.2,"Dia=0.6, total_pile_num","Dia=0.6m, estimate cost","Dia=0.6m, kN/estimate cost","Dia=0.8, total_pile_num","Dia=0.8m, estimate cost","Dia=0.8m, kN/estimate cost","Dia=1.0, total_pile_num","Dia=1.0m, estimate cost","Dia=1.0m, kN/estimate cost","Dia=1.2, total_pile_num","Dia=1.2m, estimate cost","Dia=1.2m, kN/estimate cost"
60,1134.0549600000002,1637.6732800000002,2204.0916,2833.3099200000006,171.4166480961381,435.9811027677176,445.8814814814816,118.70249235549595,536.7251894346106,362.18888888888887,88.19774096503066,623.1170399179416,311.97333333333336,68.61088461512179,698.019695720403,278.4962962962964
61,1173.6189599999998,1690.42528,2270.0316,2912.43792,165.63800230357563,428.3050899765629,453.87249544626576,114.99822103938247,528.6422221891996,367.72677595628414,85.63576824216896,615.1003143414391,316.03934426229506,66.74679609994915,690.3727915491502,281.5810564663023
